trial_number,metric,status,duration_sec,params,timestamp
0,0.629611,complete,1.18,"{""fusion_method"": ""rrf"", ""rrf_k"": 60, ""score_normalization"": ""minmax_per_query"", ""top_k_final"": 3, ""top_k_retriever"": 16, ""use_multiv"": true, ""use_sparse"": false, ""w_dense"": 1.0, ""w_multiv"": 0.0, ""w_sparse"": 0.0}",2026-01-07T11:31:02.332284Z
1,0.500031,complete,2.78,"{""fusion_method"": ""rrf"", ""rrf_k"": 60, ""score_normalization"": ""none"", ""top_k_final"": 1, ""top_k_retriever"": 16, ""use_multiv"": true, ""use_sparse"": false, ""w_dense"": 1.0, ""w_multiv"": 0.0, ""w_sparse"": 0.0}",2026-01-07T11:31:06.006680Z
2,0.632948,complete,2.50,"{""fusion_method"": ""weighted_sum"", ""rrf_k"": 60, ""score_normalization"": ""minmax_per_query"", ""top_k_final"": 3, ""top_k_retriever"": 64, ""use_multiv"": true, ""use_sparse"": true, ""w_dense"": 0.3459291411888761, ""w_multiv"": 0.5742402194480607, ""w_sparse"": 0.0798306393630632}",2026-01-07T11:31:10.239913Z
3,0.704333,complete,2.78,"{""fusion_method"": ""rrf"", ""rrf_k"": 60, ""score_normalization"": ""none"", ""top_k_final"": 10, ""top_k_retriever"": 24, ""use_multiv"": false, ""use_sparse"": true, ""w_dense"": 1.0, ""w_multiv"": 0.0, ""w_sparse"": 0.0}",2026-01-07T11:31:14.298889Z
4,nan,pruned,0.35,"{""fusion_method"": ""rrf"", ""rrf_k"": 60, ""score_normalization"": ""minmax_per_query"", ""top_k_final"": 10, ""top_k_retriever"": 16, ""use_multiv"": false, ""use_sparse"": true, ""w_dense"": 1.0, ""w_multiv"": 0.0, ""w_sparse"": 0.0}",2026-01-07T11:31:15.867426Z
5,0.502794,complete,1.47,"{""fusion_method"": ""weighted_sum"", ""rrf_k"": 60, ""score_normalization"": ""minmax_per_query"", ""top_k_final"": 1, ""top_k_retriever"": 32, ""use_multiv"": true, ""use_sparse"": true, ""w_dense"": 0.11527548184987252, ""w_multiv"": 0.33324177089312473, ""w_sparse"": 0.5514827472570027}",2026-01-07T11:31:34.924404Z
6,0.634118,complete,2.52,"{""fusion_method"": ""weighted_sum"", ""rrf_k"": 60, ""score_normalization"": ""minmax_per_query"", ""top_k_final"": 3, ""top_k_retriever"": 16, ""use_multiv"": false, ""use_sparse"": true, ""w_dense"": 0.4445456968535723, ""w_multiv"": 0.11517884322345365, ""w_sparse"": 0.44027545992297396}",2026-01-07T11:31:38.665053Z
7,0.674965,complete,2.41,"{""fusion_method"": ""rrf"", ""rrf_k"": 60, ""score_normalization"": ""minmax_per_query"", ""top_k_final"": 5, ""top_k_retriever"": 48, ""use_multiv"": true, ""use_sparse"": false, ""w_dense"": 1.0, ""w_multiv"": 0.0, ""w_sparse"": 0.0}",2026-01-07T11:31:42.367687Z
8,0.710047,complete,3.00,"{""fusion_method"": ""rrf"", ""rrf_k"": 60, ""score_normalization"": ""minmax_per_query"", ""top_k_final"": 10, ""top_k_retriever"": 48, ""use_multiv"": false, ""use_sparse"": false, ""w_dense"": 1.0, ""w_multiv"": 0.0, ""w_sparse"": 0.0}",2026-01-07T11:31:46.529209Z
9,nan,pruned,0.25,"{""fusion_method"": ""rrf"", ""rrf_k"": 60, ""score_normalization"": ""minmax_per_query"", ""top_k_final"": 1, ""top_k_retriever"": 24, ""use_multiv"": true, ""use_sparse"": false, ""w_dense"": 1.0, ""w_multiv"": 0.0, ""w_sparse"": 0.0}",2026-01-07T11:31:48.151470Z
10,nan,pruned,0.32,"{""fusion_method"": ""weighted_sum"", ""rrf_k"": 60, ""score_normalization"": ""zscore_per_query"", ""top_k_final"": 10, ""top_k_retriever"": 48, ""use_multiv"": false, ""use_sparse"": false, ""w_dense"": 0.4012438560391869, ""w_multiv"": 0.4587294060619053, ""w_sparse"": 0.14002673789890768}",2026-01-07T11:31:51.501390Z
11,nan,pruned,0.00,"{""fusion_method"": ""rrf"", ""rrf_k"": 60, ""score_normalization"": ""none"", ""top_k_final"": 10, ""top_k_retriever"": 8, ""use_multiv"": false, ""use_sparse"": true, ""w_dense"": 1.0, ""w_multiv"": 0.0, ""w_sparse"": 0.0}",2026-01-07T11:31:53.021732Z
12,nan,pruned,0.21,"{""fusion_method"": ""rrf"", ""rrf_k"": 60, ""score_normalization"": ""none"", ""top_k_final"": 10, ""top_k_retriever"": 24, ""use_multiv"": false, ""use_sparse"": true, ""w_dense"": 1.0, ""w_multiv"": 0.0, ""w_sparse"": 0.0}",2026-01-07T11:31:54.063389Z
13,nan,pruned,0.26,"{""fusion_method"": ""rrf"", ""rrf_k"": 60, ""score_normalization"": ""zscore_per_query"", ""top_k_final"": 10, ""top_k_retriever"": 24, ""use_multiv"": false, ""use_sparse"": false, ""w_dense"": 1.0, ""w_multiv"": 0.0, ""w_sparse"": 0.0}",2026-01-07T11:31:55.313374Z
14,nan,pruned,0.30,"{""fusion_method"": ""rrf"", ""rrf_k"": 60, ""score_normalization"": ""none"", ""top_k_final"": 5, ""top_k_retriever"": 48, ""use_multiv"": false, ""use_sparse"": true, ""w_dense"": 1.0, ""w_multiv"": 0.0, ""w_sparse"": 0.0}",2026-01-07T11:31:56.778518Z
15,nan,pruned,0.39,"{""fusion_method"": ""rrf"", ""rrf_k"": 60, ""score_normalization"": ""none"", ""top_k_final"": 10, ""top_k_retriever"": 64, ""use_multiv"": false, ""use_sparse"": false, ""w_dense"": 1.0, ""w_multiv"": 0.0, ""w_sparse"": 0.0}",2026-01-07T11:31:58.775637Z
16,nan,pruned,0.00,"{""fusion_method"": ""rrf"", ""rrf_k"": 60, ""score_normalization"": ""zscore_per_query"", ""top_k_final"": 10, ""top_k_retriever"": 8, ""use_multiv"": false, ""use_sparse"": false, ""w_dense"": 1.0, ""w_multiv"": 0.0, ""w_sparse"": 0.0}",2026-01-07T11:32:00.045070Z
17,nan,pruned,1.56,"{""fusion_method"": ""rrf"", ""rrf_k"": 60, ""score_normalization"": ""none"", ""top_k_final"": 10, ""top_k_retriever"": 32, ""use_multiv"": false, ""use_sparse"": true, ""w_dense"": 1.0, ""w_multiv"": 0.0, ""w_sparse"": 0.0}",2026-01-07T11:32:02.894920Z
18,nan,pruned,0.38,"{""fusion_method"": ""weighted_sum"", ""rrf_k"": 60, ""score_normalization"": ""none"", ""top_k_final"": 5, ""top_k_retriever"": 48, ""use_multiv"": false, ""use_sparse"": false, ""w_dense"": 0.47530727841217596, ""w_multiv"": 0.0338616952018242, ""w_sparse"": 0.49083102638599996}",2026-01-07T11:32:05.319149Z
19,nan,pruned,0.27,"{""fusion_method"": ""rrf"", ""rrf_k"": 60, ""score_normalization"": ""zscore_per_query"", ""top_k_final"": 10, ""top_k_retriever"": 24, ""use_multiv"": false, ""use_sparse"": true, ""w_dense"": 1.0, ""w_multiv"": 0.0, ""w_sparse"": 0.0}",2026-01-07T11:32:06.685138Z
20,nan,pruned,0.51,"{""fusion_method"": ""rrf"", ""rrf_k"": 60, ""score_normalization"": ""minmax_per_query"", ""top_k_final"": 10, ""top_k_retriever"": 24, ""use_multiv"": false, ""use_sparse"": false, ""w_dense"": 1.0, ""w_multiv"": 0.0, ""w_sparse"": 0.0}",2026-01-07T11:32:08.414279Z
21,nan,pruned,0.49,"{""fusion_method"": ""rrf"", ""rrf_k"": 60, ""score_normalization"": ""minmax_per_query"", ""top_k_final"": 5, ""top_k_retriever"": 48, ""use_multiv"": true, ""use_sparse"": false, ""w_dense"": 1.0, ""w_multiv"": 0.0, ""w_sparse"": 0.0}",2026-01-07T11:32:10.189018Z
22,nan,pruned,1.57,"{""fusion_method"": ""rrf"", ""rrf_k"": 60, ""score_normalization"": ""minmax_per_query"", ""top_k_final"": 5, ""top_k_retriever"": 48, ""use_multiv"": true, ""use_sparse"": false, ""w_dense"": 1.0, ""w_multiv"": 0.0, ""w_sparse"": 0.0}",2026-01-07T11:32:12.921404Z
23,nan,pruned,0.27,"{""fusion_method"": ""rrf"", ""rrf_k"": 60, ""score_normalization"": ""minmax_per_query"", ""top_k_final"": 5, ""top_k_retriever"": 48, ""use_multiv"": true, ""use_sparse"": false, ""w_dense"": 1.0, ""w_multiv"": 0.0, ""w_sparse"": 0.0}",2026-01-07T11:32:14.408084Z
24,nan,pruned,0.30,"{""fusion_method"": ""rrf"", ""rrf_k"": 60, ""score_normalization"": ""minmax_per_query"", ""top_k_final"": 5, ""top_k_retriever"": 48, ""use_multiv"": true, ""use_sparse"": false, ""w_dense"": 1.0, ""w_multiv"": 0.0, ""w_sparse"": 0.0}",2026-01-07T11:32:15.868055Z
25,nan,pruned,0.40,"{""fusion_method"": ""rrf"", ""rrf_k"": 60, ""score_normalization"": ""none"", ""top_k_final"": 5, ""top_k_retriever"": 48, ""use_multiv"": false, ""use_sparse"": false, ""w_dense"": 1.0, ""w_multiv"": 0.0, ""w_sparse"": 0.0}",2026-01-07T11:32:17.839733Z
26,nan,pruned,0.31,"{""fusion_method"": ""weighted_sum"", ""rrf_k"": 60, ""score_normalization"": ""minmax_per_query"", ""top_k_final"": 3, ""top_k_retriever"": 64, ""use_multiv"": true, ""use_sparse"": true, ""w_dense"": 0.2717951523738514, ""w_multiv"": 0.46795865809811055, ""w_sparse"": 0.260246189528038}",2026-01-07T11:32:19.677422Z
27,nan,pruned,0.34,"{""fusion_method"": ""rrf"", ""rrf_k"": 60, ""score_normalization"": ""minmax_per_query"", ""top_k_final"": 1, ""top_k_retriever"": 32, ""use_multiv"": false, ""use_sparse"": false, ""w_dense"": 1.0, ""w_multiv"": 0.0, ""w_sparse"": 0.0}",2026-01-07T11:32:21.341577Z
28,nan,pruned,0.00,"{""fusion_method"": ""rrf"", ""rrf_k"": 60, ""score_normalization"": ""zscore_per_query"", ""top_k_final"": 10, ""top_k_retriever"": 8, ""use_multiv"": true, ""use_sparse"": true, ""w_dense"": 1.0, ""w_multiv"": 0.0, ""w_sparse"": 0.0}",2026-01-07T11:32:22.684472Z
29,nan,pruned,0.27,"{""fusion_method"": ""rrf"", ""rrf_k"": 60, ""score_normalization"": ""none"", ""top_k_final"": 3, ""top_k_retriever"": 24, ""use_multiv"": true, ""use_sparse"": false, ""w_dense"": 1.0, ""w_multiv"": 0.0, ""w_sparse"": 0.0}",2026-01-07T11:32:24.100028Z
30,0.674965,complete,9.76,"{""fusion_method"": ""rrf"", ""rrf_k"": 60, ""score_normalization"": ""minmax_per_query"", ""top_k_final"": 5, ""top_k_retriever"": 48, ""use_multiv"": false, ""use_sparse"": false, ""w_dense"": 1.0, ""w_multiv"": 0.0, ""w_sparse"": 0.0}",2026-01-07T11:32:51.428780Z
31,nan,pruned,0.32,"{""fusion_method"": ""rrf"", ""rrf_k"": 60, ""score_normalization"": ""minmax_per_query"", ""top_k_final"": 5, ""top_k_retriever"": 48, ""use_multiv"": false, ""use_sparse"": false, ""w_dense"": 1.0, ""w_multiv"": 0.0, ""w_sparse"": 0.0}",2026-01-07T11:32:52.892133Z
32,nan,pruned,0.25,"{""fusion_method"": ""rrf"", ""rrf_k"": 60, ""score_normalization"": ""minmax_per_query"", ""top_k_final"": 5, ""top_k_retriever"": 48, ""use_multiv"": false, ""use_sparse"": false, ""w_dense"": 1.0, ""w_multiv"": 0.0, ""w_sparse"": 0.0}",2026-01-07T11:32:54.178985Z
33,nan,pruned,0.30,"{""fusion_method"": ""rrf"", ""rrf_k"": 60, ""score_normalization"": ""minmax_per_query"", ""top_k_final"": 5, ""top_k_retriever"": 48, ""use_multiv"": false, ""use_sparse"": false, ""w_dense"": 1.0, ""w_multiv"": 0.0, ""w_sparse"": 0.0}",2026-01-07T11:32:55.666198Z
34,nan,pruned,0.56,"{""fusion_method"": ""rrf"", ""rrf_k"": 60, ""score_normalization"": ""minmax_per_query"", ""top_k_final"": 5, ""top_k_retriever"": 16, ""use_multiv"": false, ""use_sparse"": false, ""w_dense"": 1.0, ""w_multiv"": 0.0, ""w_sparse"": 0.0}",2026-01-07T11:32:57.562455Z
35,nan,pruned,2.41,"{""fusion_method"": ""rrf"", ""rrf_k"": 60, ""score_normalization"": ""minmax_per_query"", ""top_k_final"": 1, ""top_k_retriever"": 48, ""use_multiv"": true, ""use_sparse"": false, ""w_dense"": 1.0, ""w_multiv"": 0.0, ""w_sparse"": 0.0}",2026-01-07T11:33:00.735564Z
36,nan,pruned,0.21,"{""fusion_method"": ""weighted_sum"", ""rrf_k"": 60, ""score_normalization"": ""minmax_per_query"", ""top_k_final"": 3, ""top_k_retriever"": 64, ""use_multiv"": false, ""use_sparse"": true, ""w_dense"": 0.017214957045985427, ""w_multiv"": 0.9538680212009332, ""w_sparse"": 0.02891702175308136}",2026-01-07T11:33:07.164072Z
37,nan,pruned,0.24,"{""fusion_method"": ""rrf"", ""rrf_k"": 60, ""score_normalization"": ""minmax_per_query"", ""top_k_final"": 10, ""top_k_retriever"": 16, ""use_multiv"": true, ""use_sparse"": false, ""w_dense"": 1.0, ""w_multiv"": 0.0, ""w_sparse"": 0.0}",2026-01-07T11:33:08.305750Z
0,0.641019,complete,1.46,"{""fusion_method"": ""weighted_sum"", ""rrf_k"": 60, ""score_normalization"": ""minmax_per_query"", ""top_k_final"": 10, ""top_k_retriever"": 16, ""use_multiv"": false, ""use_sparse"": true, ""w_dense"": 0.26211269914077673, ""w_multiv"": 0.4091868023583117, ""w_sparse"": 0.32870049850091154}",2026-01-07T11:34:26.317794Z
1,0.637905,complete,2.19,"{""fusion_method"": ""rrf"", ""rrf_k"": 60, ""score_normalization"": ""minmax_per_query"", ""top_k_final"": 3, ""top_k_retriever"": 8, ""use_multiv"": false, ""use_sparse"": true, ""w_dense"": 1.0, ""w_multiv"": 0.0, ""w_sparse"": 0.0}",2026-01-07T11:34:29.269985Z
2,nan,pruned,0.30,"{""fusion_method"": ""rrf"", ""rrf_k"": 60, ""score_normalization"": ""minmax_per_query"", ""top_k_final"": 1, ""top_k_retriever"": 32, ""use_multiv"": true, ""use_sparse"": true, ""w_dense"": 1.0, ""w_multiv"": 0.0, ""w_sparse"": 0.0}",2026-01-07T11:34:30.721538Z
3,nan,pruned,0.00,"{""fusion_method"": ""weighted_sum"", ""rrf_k"": 60, ""score_normalization"": ""none"", ""top_k_final"": 10, ""top_k_retriever"": 8, ""use_multiv"": false, ""use_sparse"": true, ""w_dense"": 0.3504359664243004, ""w_multiv"": 0.27577028347869864, ""w_sparse"": 0.373793750097001}",2026-01-07T11:34:39.806193Z
4,nan,pruned,0.74,"{""fusion_method"": ""rrf"", ""rrf_k"": 60, ""score_normalization"": ""zscore_per_query"", ""top_k_final"": 5, ""top_k_retriever"": 8, ""use_multiv"": false, ""use_sparse"": true, ""w_dense"": 1.0, ""w_multiv"": 0.0, ""w_sparse"": 0.0}",2026-01-07T11:34:48.898731Z
5,0.690276,complete,2.52,"{""fusion_method"": ""rrf"", ""rrf_k"": 60, ""score_normalization"": ""zscore_per_query"", ""top_k_final"": 10, ""top_k_retriever"": 64, ""use_multiv"": true, ""use_sparse"": true, ""w_dense"": 1.0, ""w_multiv"": 0.0, ""w_sparse"": 0.0}",2026-01-07T11:34:52.289277Z
6,nan,pruned,0.00,"{""fusion_method"": ""rrf"", ""rrf_k"": 60, ""score_normalization"": ""none"", ""top_k_final"": 20, ""top_k_retriever"": 16, ""use_multiv"": false, ""use_sparse"": true, ""w_dense"": 1.0, ""w_multiv"": 0.0, ""w_sparse"": 0.0}",2026-01-07T11:34:53.448906Z
7,nan,pruned,0.30,"{""fusion_method"": ""rrf"", ""rrf_k"": 60, ""score_normalization"": ""minmax_per_query"", ""top_k_final"": 5, ""top_k_retriever"": 64, ""use_multiv"": false, ""use_sparse"": false, ""w_dense"": 1.0, ""w_multiv"": 0.0, ""w_sparse"": 0.0}",2026-01-07T11:34:54.761193Z
8,0.672783,complete,3.04,"{""fusion_method"": ""weighted_sum"", ""rrf_k"": 60, ""score_normalization"": ""zscore_per_query"", ""top_k_final"": 5, ""top_k_retriever"": 8, ""use_multiv"": true, ""use_sparse"": false, ""w_dense"": 0.8456715151090032, ""w_multiv"": 0.14150310251315235, ""w_sparse"": 0.012825382377844476}",2026-01-07T11:34:59.452339Z
9,nan,pruned,0.27,"{""fusion_method"": ""weighted_sum"", ""rrf_k"": 60, ""score_normalization"": ""none"", ""top_k_final"": 20, ""top_k_retriever"": 128, ""use_multiv"": false, ""use_sparse"": true, ""w_dense"": 0.3272544192130715, ""w_multiv"": 0.26062453350747633, ""w_sparse"": 0.4121210472794522}",2026-01-07T11:35:01.319426Z
10,nan,pruned,0.35,"{""fusion_method"": ""rrf"", ""rrf_k"": 60, ""score_normalization"": ""zscore_per_query"", ""top_k_final"": 10, ""top_k_retriever"": 48, ""use_multiv"": true, ""use_sparse"": false, ""w_dense"": 1.0, ""w_multiv"": 0.0, ""w_sparse"": 0.0}",2026-01-07T11:35:02.835917Z
11,0.674474,complete,1.85,"{""fusion_method"": ""weighted_sum"", ""rrf_k"": 60, ""score_normalization"": ""zscore_per_query"", ""top_k_final"": 5, ""top_k_retriever"": 96, ""use_multiv"": true, ""use_sparse"": false, ""w_dense"": 0.9167217204568392, ""w_multiv"": 0.031221956989512117, ""w_sparse"": 0.052056322553648664}",2026-01-07T11:35:20.967279Z
12,0.673851,complete,3.15,"{""fusion_method"": ""weighted_sum"", ""rrf_k"": 60, ""score_normalization"": ""zscore_per_query"", ""top_k_final"": 1, ""top_k_retriever"": 96, ""use_multiv"": true, ""use_sparse"": false, ""w_dense"": 0.9259512679648244, ""w_multiv"": 0.04208616398365476, ""w_sparse"": 0.03196256805152075}",2026-01-07T11:35:25.517386Z
13,nan,pruned,0.35,"{""fusion_method"": ""weighted_sum"", ""rrf_k"": 60, ""score_normalization"": ""zscore_per_query"", ""top_k_final"": 3, ""top_k_retriever"": 96, ""use_multiv"": true, ""use_sparse"": false, ""w_dense"": 0.005208265399015288, ""w_multiv"": 0.712558263430203, ""w_sparse"": 0.28223347117078174}",2026-01-07T11:35:27.350920Z
14,0.688933,complete,3.01,"{""fusion_method"": ""rrf"", ""rrf_k"": 60, ""score_normalization"": ""zscore_per_query"", ""top_k_final"": 5, ""top_k_retriever"": 64, ""use_multiv"": true, ""use_sparse"": false, ""w_dense"": 1.0, ""w_multiv"": 0.0, ""w_sparse"": 0.0}",2026-01-07T11:35:31.610801Z
15,nan,pruned,0.37,"{""fusion_method"": ""rrf"", ""rrf_k"": 60, ""score_normalization"": ""zscore_per_query"", ""top_k_final"": 10, ""top_k_retriever"": 64, ""use_multiv"": true, ""use_sparse"": false, ""w_dense"": 1.0, ""w_multiv"": 0.0, ""w_sparse"": 0.0}",2026-01-07T11:35:33.216982Z
16,nan,pruned,0.50,"{""fusion_method"": ""rrf"", ""rrf_k"": 60, ""score_normalization"": ""zscore_per_query"", ""top_k_final"": 5, ""top_k_retriever"": 24, ""use_multiv"": true, ""use_sparse"": false, ""w_dense"": 1.0, ""w_multiv"": 0.0, ""w_sparse"": 0.0}",2026-01-07T11:35:34.933787Z
17,nan,pruned,7.05,"{""fusion_method"": ""rrf"", ""rrf_k"": 60, ""score_normalization"": ""zscore_per_query"", ""top_k_final"": 10, ""top_k_retriever"": 64, ""use_multiv"": true, ""use_sparse"": true, ""w_dense"": 1.0, ""w_multiv"": 0.0, ""w_sparse"": 0.0}",2026-01-07T11:35:59.847392Z
18,nan,pruned,2.08,"{""fusion_method"": ""rrf"", ""rrf_k"": 60, ""score_normalization"": ""zscore_per_query"", ""top_k_final"": 3, ""top_k_retriever"": 64, ""use_multiv"": true, ""use_sparse"": true, ""w_dense"": 1.0, ""w_multiv"": 0.0, ""w_sparse"": 0.0}",2026-01-07T11:36:05.393832Z
19,nan,pruned,0.25,"{""fusion_method"": ""rrf"", ""rrf_k"": 60, ""score_normalization"": ""none"", ""top_k_final"": 1, ""top_k_retriever"": 64, ""use_multiv"": true, ""use_sparse"": false, ""w_dense"": 1.0, ""w_multiv"": 0.0, ""w_sparse"": 0.0}",2026-01-07T11:36:06.563184Z
20,nan,pruned,0.32,"{""fusion_method"": ""rrf"", ""rrf_k"": 60, ""score_normalization"": ""zscore_per_query"", ""top_k_final"": 20, ""top_k_retriever"": 128, ""use_multiv"": true, ""use_sparse"": true, ""w_dense"": 1.0, ""w_multiv"": 0.0, ""w_sparse"": 0.0}",2026-01-07T11:36:07.949537Z
21,nan,pruned,0.31,"{""fusion_method"": ""weighted_sum"", ""rrf_k"": 60, ""score_normalization"": ""zscore_per_query"", ""top_k_final"": 5, ""top_k_retriever"": 96, ""use_multiv"": true, ""use_sparse"": false, ""w_dense"": 0.5554771442515264, ""w_multiv"": 0.1414483382636418, ""w_sparse"": 0.3030745174848318}",2026-01-07T11:36:10.288968Z
22,0.693037,complete,2.68,"{""fusion_method"": ""weighted_sum"", ""rrf_k"": 60, ""score_normalization"": ""zscore_per_query"", ""top_k_final"": 5, ""top_k_retriever"": 24, ""use_multiv"": true, ""use_sparse"": false, ""w_dense"": 0.22335243389354326, ""w_multiv"": 0.620615283833643, ""w_sparse"": 0.1560322822728138}",2026-01-07T11:36:14.420886Z
23,nan,pruned,0.44,"{""fusion_method"": ""weighted_sum"", ""rrf_k"": 60, ""score_normalization"": ""zscore_per_query"", ""top_k_final"": 5, ""top_k_retriever"": 24, ""use_multiv"": true, ""use_sparse"": false, ""w_dense"": 0.21251248256102834, ""w_multiv"": 0.6041680644630618, ""w_sparse"": 0.1833194529759098}",2026-01-07T11:36:16.655769Z
24,nan,pruned,0.26,"{""fusion_method"": ""rrf"", ""rrf_k"": 60, ""score_normalization"": ""zscore_per_query"", ""top_k_final"": 5, ""top_k_retriever"": 24, ""use_multiv"": true, ""use_sparse"": false, ""w_dense"": 1.0, ""w_multiv"": 0.0, ""w_sparse"": 0.0}",2026-01-07T11:36:17.851563Z
25,nan,pruned,0.30,"{""fusion_method"": ""rrf"", ""rrf_k"": 60, ""score_normalization"": ""zscore_per_query"", ""top_k_final"": 10, ""top_k_retriever"": 48, ""use_multiv"": true, ""use_sparse"": false, ""w_dense"": 1.0, ""w_multiv"": 0.0, ""w_sparse"": 0.0}",2026-01-07T11:36:18.964863Z
26,nan,pruned,0.39,"{""fusion_method"": ""weighted_sum"", ""rrf_k"": 60, ""score_normalization"": ""zscore_per_query"", ""top_k_final"": 5, ""top_k_retriever"": 32, ""use_multiv"": true, ""use_sparse"": false, ""w_dense"": 0.181681385885167, ""w_multiv"": 0.5196380558219902, ""w_sparse"": 0.2986805582928429}",2026-01-07T11:36:22.306632Z
27,nan,pruned,0.51,"{""fusion_method"": ""rrf"", ""rrf_k"": 60, ""score_normalization"": ""zscore_per_query"", ""top_k_final"": 5, ""top_k_retriever"": 24, ""use_multiv"": true, ""use_sparse"": false, ""w_dense"": 1.0, ""w_multiv"": 0.0, ""w_sparse"": 0.0}",2026-01-07T11:36:24.033196Z
28,nan,pruned,0.29,"{""fusion_method"": ""weighted_sum"", ""rrf_k"": 60, ""score_normalization"": ""minmax_per_query"", ""top_k_final"": 10, ""top_k_retriever"": 64, ""use_multiv"": true, ""use_sparse"": true, ""w_dense"": 0.055505030820328836, ""w_multiv"": 0.6994213898398335, ""w_sparse"": 0.24507357933983764}",2026-01-07T11:36:26.098570Z
29,nan,pruned,0.21,"{""fusion_method"": ""weighted_sum"", ""rrf_k"": 60, ""score_normalization"": ""none"", ""top_k_final"": 10, ""top_k_retriever"": 16, ""use_multiv"": true, ""use_sparse"": true, ""w_dense"": 0.21233583548796944, ""w_multiv"": 0.3415821765581994, ""w_sparse"": 0.44608198795383114}",2026-01-07T11:36:27.800013Z
30,0.688933,complete,2.18,"{""fusion_method"": ""rrf"", ""rrf_k"": 60, ""score_normalization"": ""minmax_per_query"", ""top_k_final"": 3, ""top_k_retriever"": 64, ""use_multiv"": true, ""use_sparse"": false, ""w_dense"": 1.0, ""w_multiv"": 0.0, ""w_sparse"": 0.0}",2026-01-07T11:36:30.970043Z
31,nan,pruned,1.30,"{""fusion_method"": ""rrf"", ""rrf_k"": 60, ""score_normalization"": ""minmax_per_query"", ""top_k_final"": 3, ""top_k_retriever"": 64, ""use_multiv"": true, ""use_sparse"": false, ""w_dense"": 1.0, ""w_multiv"": 0.0, ""w_sparse"": 0.0}",2026-01-07T11:36:33.650675Z
32,nan,pruned,0.48,"{""fusion_method"": ""rrf"", ""rrf_k"": 60, ""score_normalization"": ""minmax_per_query"", ""top_k_final"": 3, ""top_k_retriever"": 64, ""use_multiv"": true, ""use_sparse"": false, ""w_dense"": 1.0, ""w_multiv"": 0.0, ""w_sparse"": 0.0}",2026-01-07T11:36:35.304927Z
33,nan,pruned,0.35,"{""fusion_method"": ""rrf"", ""rrf_k"": 60, ""score_normalization"": ""minmax_per_query"", ""top_k_final"": 3, ""top_k_retriever"": 64, ""use_multiv"": true, ""use_sparse"": false, ""w_dense"": 1.0, ""w_multiv"": 0.0, ""w_sparse"": 0.0}",2026-01-07T11:36:36.885998Z
34,nan,pruned,0.30,"{""fusion_method"": ""rrf"", ""rrf_k"": 60, ""score_normalization"": ""minmax_per_query"", ""top_k_final"": 3, ""top_k_retriever"": 32, ""use_multiv"": false, ""use_sparse"": false, ""w_dense"": 1.0, ""w_multiv"": 0.0, ""w_sparse"": 0.0}",2026-01-07T11:36:38.540521Z
35,nan,pruned,0.45,"{""fusion_method"": ""rrf"", ""rrf_k"": 60, ""score_normalization"": ""minmax_per_query"", ""top_k_final"": 1, ""top_k_retriever"": 24, ""use_multiv"": true, ""use_sparse"": true, ""w_dense"": 1.0, ""w_multiv"": 0.0, ""w_sparse"": 0.0}",2026-01-07T11:36:40.556779Z
36,nan,pruned,0.30,"{""fusion_method"": ""rrf"", ""rrf_k"": 60, ""score_normalization"": ""minmax_per_query"", ""top_k_final"": 20, ""top_k_retriever"": 64, ""use_multiv"": false, ""use_sparse"": true, ""w_dense"": 1.0, ""w_multiv"": 0.0, ""w_sparse"": 0.0}",2026-01-07T11:36:41.924359Z
37,nan,pruned,0.29,"{""fusion_method"": ""rrf"", ""rrf_k"": 60, ""score_normalization"": ""none"", ""top_k_final"": 5, ""top_k_retriever"": 16, ""use_multiv"": true, ""use_sparse"": false, ""w_dense"": 1.0, ""w_multiv"": 0.0, ""w_sparse"": 0.0}",2026-01-07T11:36:43.392568Z
38,nan,pruned,0.54,"{""fusion_method"": ""rrf"", ""rrf_k"": 60, ""score_normalization"": ""minmax_per_query"", ""top_k_final"": 3, ""top_k_retriever"": 64, ""use_multiv"": false, ""use_sparse"": true, ""w_dense"": 1.0, ""w_multiv"": 0.0, ""w_sparse"": 0.0}",2026-01-07T11:36:45.220917Z
39,nan,pruned,0.00,"{""fusion_method"": ""weighted_sum"", ""rrf_k"": 60, ""score_normalization"": ""zscore_per_query"", ""top_k_final"": 10, ""top_k_retriever"": 8, ""use_multiv"": true, ""use_sparse"": false, ""w_dense"": 0.28157225785083767, ""w_multiv"": 0.4502980214917505, ""w_sparse"": 0.26812972065741175}",2026-01-07T11:36:46.949471Z
40,nan,pruned,0.53,"{""fusion_method"": ""rrf"", ""rrf_k"": 60, ""score_normalization"": ""zscore_per_query"", ""top_k_final"": 5, ""top_k_retriever"": 48, ""use_multiv"": true, ""use_sparse"": true, ""w_dense"": 1.0, ""w_multiv"": 0.0, ""w_sparse"": 0.0}",2026-01-07T11:36:48.723426Z
41,nan,pruned,1.01,"{""fusion_method"": ""weighted_sum"", ""rrf_k"": 60, ""score_normalization"": ""zscore_per_query"", ""top_k_final"": 5, ""top_k_retriever"": 96, ""use_multiv"": true, ""use_sparse"": false, ""w_dense"": 0.7284690997927703, ""w_multiv"": 0.19839453795906115, ""w_sparse"": 0.07313636224816851}",2026-01-07T11:36:51.110975Z
42,nan,pruned,0.39,"{""fusion_method"": ""weighted_sum"", ""rrf_k"": 60, ""score_normalization"": ""zscore_per_query"", ""top_k_final"": 5, ""top_k_retriever"": 96, ""use_multiv"": true, ""use_sparse"": false, ""w_dense"": 0.3747519163378412, ""w_multiv"": 0.2972494575828441, ""w_sparse"": 0.3279986260793147}",2026-01-07T11:36:53.960248Z
43,nan,pruned,0.30,"{""fusion_method"": ""weighted_sum"", ""rrf_k"": 60, ""score_normalization"": ""zscore_per_query"", ""top_k_final"": 5, ""top_k_retriever"": 128, ""use_multiv"": true, ""use_sparse"": false, ""w_dense"": 0.5176486653314705, ""w_multiv"": 0.39186489369613564, ""w_sparse"": 0.09048644097239383}",2026-01-07T11:36:55.879846Z
44,nan,pruned,0.36,"{""fusion_method"": ""weighted_sum"", ""rrf_k"": 60, ""score_normalization"": ""zscore_per_query"", ""top_k_final"": 5, ""top_k_retriever"": 96, ""use_multiv"": true, ""use_sparse"": false, ""w_dense"": 0.3218170417167737, ""w_multiv"": 0.3113032812868064, ""w_sparse"": 0.3668796769964199}",2026-01-07T11:36:58.223086Z
45,nan,pruned,0.29,"{""fusion_method"": ""weighted_sum"", ""rrf_k"": 60, ""score_normalization"": ""zscore_per_query"", ""top_k_final"": 1, ""top_k_retriever"": 64, ""use_multiv"": false, ""use_sparse"": false, ""w_dense"": 0.5727848366150795, ""w_multiv"": 0.005364950734124125, ""w_sparse"": 0.4218502126507965}",2026-01-07T11:37:00.258606Z
46,nan,pruned,0.00,"{""fusion_method"": ""weighted_sum"", ""rrf_k"": 60, ""score_normalization"": ""none"", ""top_k_final"": 20, ""top_k_retriever"": 8, ""use_multiv"": true, ""use_sparse"": false, ""w_dense"": 0.45900035768196296, ""w_multiv"": 0.38019015922944727, ""w_sparse"": 0.16080948308858967}",2026-01-07T11:37:01.922902Z
47,nan,pruned,0.26,"{""fusion_method"": ""weighted_sum"", ""rrf_k"": 60, ""score_normalization"": ""zscore_per_query"", ""top_k_final"": 5, ""top_k_retriever"": 24, ""use_multiv"": true, ""use_sparse"": false, ""w_dense"": 0.27961424946747054, ""w_multiv"": 0.25794516568141057, ""w_sparse"": 0.4624405848511188}",2026-01-07T11:37:04.120959Z
48,nan,pruned,0.30,"{""fusion_method"": ""rrf"", ""rrf_k"": 60, ""score_normalization"": ""zscore_per_query"", ""top_k_final"": 10, ""top_k_retriever"": 32, ""use_multiv"": true, ""use_sparse"": true, ""w_dense"": 1.0, ""w_multiv"": 0.0, ""w_sparse"": 0.0}",2026-01-07T11:37:05.636303Z
49,nan,pruned,0.17,"{""fusion_method"": ""rrf"", ""rrf_k"": 60, ""score_normalization"": ""minmax_per_query"", ""top_k_final"": 3, ""top_k_retriever"": 64, ""use_multiv"": false, ""use_sparse"": false, ""w_dense"": 1.0, ""w_multiv"": 0.0, ""w_sparse"": 0.0}",2026-01-07T11:37:06.951802Z
50,nan,pruned,5.64,"{""fusion_method"": ""weighted_sum"", ""rrf_k"": 60, ""score_normalization"": ""zscore_per_query"", ""top_k_final"": 5, ""top_k_retriever"": 96, ""use_multiv"": true, ""use_sparse"": false, ""w_dense"": 0.19425340254376477, ""w_multiv"": 0.7124668330035754, ""w_sparse"": 0.09327976445265979}",2026-01-07T11:37:19.040634Z
51,nan,pruned,0.21,"{""fusion_method"": ""weighted_sum"", ""rrf_k"": 60, ""score_normalization"": ""zscore_per_query"", ""top_k_final"": 1, ""top_k_retriever"": 96, ""use_multiv"": true, ""use_sparse"": false, ""w_dense"": 0.9844369583235572, ""w_multiv"": 0.0003992264921195456, ""w_sparse"": 0.015163815184323316}",2026-01-07T11:37:23.899159Z
52,nan,pruned,0.25,"{""fusion_method"": ""weighted_sum"", ""rrf_k"": 60, ""score_normalization"": ""zscore_per_query"", ""top_k_final"": 1, ""top_k_retriever"": 96, ""use_multiv"": true, ""use_sparse"": false, ""w_dense"": 0.8573329179466856, ""w_multiv"": 0.0924346424005841, ""w_sparse"": 0.05023243965273032}",2026-01-07T11:37:25.418725Z
53,nan,pruned,0.32,"{""fusion_method"": ""weighted_sum"", ""rrf_k"": 60, ""score_normalization"": ""zscore_per_query"", ""top_k_final"": 1, ""top_k_retriever"": 96, ""use_multiv"": true, ""use_sparse"": false, ""w_dense"": 0.6807740339634755, ""w_multiv"": 0.16245767621413706, ""w_sparse"": 0.15676828982238747}",2026-01-07T11:37:27.283327Z
54,nan,pruned,0.31,"{""fusion_method"": ""weighted_sum"", ""rrf_k"": 60, ""score_normalization"": ""zscore_per_query"", ""top_k_final"": 1, ""top_k_retriever"": 16, ""use_multiv"": true, ""use_sparse"": false, ""w_dense"": 0.7795274170297676, ""w_multiv"": 0.04213825748986816, ""w_sparse"": 0.1783343254803643}",2026-01-07T11:37:29.532527Z
55,nan,pruned,0.20,"{""fusion_method"": ""rrf"", ""rrf_k"": 60, ""score_normalization"": ""zscore_per_query"", ""top_k_final"": 10, ""top_k_retriever"": 128, ""use_multiv"": true, ""use_sparse"": false, ""w_dense"": 1.0, ""w_multiv"": 0.0, ""w_sparse"": 0.0}",2026-01-07T11:37:30.658125Z
56,nan,pruned,0.23,"{""fusion_method"": ""weighted_sum"", ""rrf_k"": 60, ""score_normalization"": ""zscore_per_query"", ""top_k_final"": 5, ""top_k_retriever"": 64, ""use_multiv"": true, ""use_sparse"": true, ""w_dense"": 0.744003329398209, ""w_multiv"": 0.24514954621939902, ""w_sparse"": 0.010847124382391953}",2026-01-07T11:37:32.093928Z
57,nan,pruned,0.27,"{""fusion_method"": ""rrf"", ""rrf_k"": 60, ""score_normalization"": ""none"", ""top_k_final"": 20, ""top_k_retriever"": 24, ""use_multiv"": true, ""use_sparse"": false, ""w_dense"": 1.0, ""w_multiv"": 0.0, ""w_sparse"": 0.0}",2026-01-07T11:37:33.688042Z
58,nan,pruned,0.52,"{""fusion_method"": ""weighted_sum"", ""rrf_k"": 60, ""score_normalization"": ""zscore_per_query"", ""top_k_final"": 1, ""top_k_retriever"": 48, ""use_multiv"": true, ""use_sparse"": false, ""w_dense"": 0.7104809160108475, ""w_multiv"": 0.20605009683705883, ""w_sparse"": 0.08346898715209371}",2026-01-07T11:37:35.908698Z
59,nan,pruned,1.03,"{""fusion_method"": ""rrf"", ""rrf_k"": 60, ""score_normalization"": ""zscore_per_query"", ""top_k_final"": 5, ""top_k_retriever"": 96, ""use_multiv"": true, ""use_sparse"": true, ""w_dense"": 1.0, ""w_multiv"": 0.0, ""w_sparse"": 0.0}",2026-01-07T11:37:38.212973Z
60,nan,pruned,0.16,"{""fusion_method"": ""weighted_sum"", ""rrf_k"": 60, ""score_normalization"": ""zscore_per_query"", ""top_k_final"": 3, ""top_k_retriever"": 64, ""use_multiv"": true, ""use_sparse"": false, ""w_dense"": 0.417606511085238, ""w_multiv"": 0.5193951549431747, ""w_sparse"": 0.06299833397158731}",2026-01-07T11:37:45.581231Z
61,nan,pruned,0.31,"{""fusion_method"": ""weighted_sum"", ""rrf_k"": 60, ""score_normalization"": ""zscore_per_query"", ""top_k_final"": 5, ""top_k_retriever"": 8, ""use_multiv"": true, ""use_sparse"": false, ""w_dense"": 0.8080838591372568, ""w_multiv"": 0.0886788924895635, ""w_sparse"": 0.10323724837317973}",2026-01-07T11:37:46.998687Z
62,nan,pruned,0.29,"{""fusion_method"": ""weighted_sum"", ""rrf_k"": 60, ""score_normalization"": ""zscore_per_query"", ""top_k_final"": 5, ""top_k_retriever"": 8, ""use_multiv"": true, ""use_sparse"": false, ""w_dense"": 0.7738384637032001, ""w_multiv"": 0.21109914493419663, ""w_sparse"": 0.015062391362603463}",2026-01-07T11:37:48.681273Z
63,nan,pruned,0.39,"{""fusion_method"": ""weighted_sum"", ""rrf_k"": 60, ""score_normalization"": ""zscore_per_query"", ""top_k_final"": 5, ""top_k_retriever"": 8, ""use_multiv"": true, ""use_sparse"": false, ""w_dense"": 0.9046258177520609, ""w_multiv"": 0.09223629794349462, ""w_sparse"": 0.0031378843044446844}",2026-01-07T11:37:51.006142Z
64,nan,pruned,0.63,"{""fusion_method"": ""rrf"", ""rrf_k"": 60, ""score_normalization"": ""minmax_per_query"", ""top_k_final"": 10, ""top_k_retriever"": 24, ""use_multiv"": true, ""use_sparse"": false, ""w_dense"": 1.0, ""w_multiv"": 0.0, ""w_sparse"": 0.0}",2026-01-07T11:37:52.850622Z
65,nan,pruned,0.22,"{""fusion_method"": ""weighted_sum"", ""rrf_k"": 60, ""score_normalization"": ""zscore_per_query"", ""top_k_final"": 5, ""top_k_retriever"": 64, ""use_multiv"": true, ""use_sparse"": false, ""w_dense"": 0.6278400027799184, ""w_multiv"": 0.15510513689789987, ""w_sparse"": 0.21705486032218166}",2026-01-07T11:37:54.267680Z
66,nan,pruned,0.25,"{""fusion_method"": ""rrf"", ""rrf_k"": 60, ""score_normalization"": ""zscore_per_query"", ""top_k_final"": 3, ""top_k_retriever"": 8, ""use_multiv"": true, ""use_sparse"": false, ""w_dense"": 1.0, ""w_multiv"": 0.0, ""w_sparse"": 0.0}",2026-01-07T11:37:55.653908Z
67,nan,pruned,0.30,"{""fusion_method"": ""weighted_sum"", ""rrf_k"": 60, ""score_normalization"": ""minmax_per_query"", ""top_k_final"": 5, ""top_k_retriever"": 64, ""use_multiv"": false, ""use_sparse"": true, ""w_dense"": 0.40387648243127416, ""w_multiv"": 0.3371759678029353, ""w_sparse"": 0.25894754976579043}",2026-01-07T11:37:57.495541Z
68,nan,pruned,0.39,"{""fusion_method"": ""rrf"", ""rrf_k"": 60, ""score_normalization"": ""none"", ""top_k_final"": 10, ""top_k_retriever"": 32, ""use_multiv"": true, ""use_sparse"": false, ""w_dense"": 1.0, ""w_multiv"": 0.0, ""w_sparse"": 0.0}",2026-01-07T11:37:59.173880Z
69,nan,pruned,0.55,"{""fusion_method"": ""weighted_sum"", ""rrf_k"": 60, ""score_normalization"": ""zscore_per_query"", ""top_k_final"": 5, ""top_k_retriever"": 96, ""use_multiv"": true, ""use_sparse"": false, ""w_dense"": 0.4096442590481922, ""w_multiv"": 0.3302392223419887, ""w_sparse"": 0.2601165186098191}",2026-01-07T11:38:01.378493Z
70,nan,pruned,0.31,"{""fusion_method"": ""rrf"", ""rrf_k"": 60, ""score_normalization"": ""zscore_per_query"", ""top_k_final"": 1, ""top_k_retriever"": 24, ""use_multiv"": true, ""use_sparse"": true, ""w_dense"": 1.0, ""w_multiv"": 0.0, ""w_sparse"": 0.0}",2026-01-07T11:38:02.947322Z
71,nan,pruned,0.27,"{""fusion_method"": ""weighted_sum"", ""rrf_k"": 60, ""score_normalization"": ""minmax_per_query"", ""top_k_final"": 10, ""top_k_retriever"": 16, ""use_multiv"": false, ""use_sparse"": true, ""w_dense"": 0.20829691493165467, ""w_multiv"": 0.43298950782168344, ""w_sparse"": 0.35871357724666186}",2026-01-07T11:38:04.894490Z
72,nan,pruned,0.31,"{""fusion_method"": ""weighted_sum"", ""rrf_k"": 60, ""score_normalization"": ""minmax_per_query"", ""top_k_final"": 10, ""top_k_retriever"": 16, ""use_multiv"": false, ""use_sparse"": true, ""w_dense"": 0.35205047363716796, ""w_multiv"": 0.5011279729663088, ""w_sparse"": 0.14682155339652314}",2026-01-07T11:38:06.874779Z
73,nan,pruned,0.27,"{""fusion_method"": ""weighted_sum"", ""rrf_k"": 60, ""score_normalization"": ""minmax_per_query"", ""top_k_final"": 10, ""top_k_retriever"": 16, ""use_multiv"": false, ""use_sparse"": true, ""w_dense"": 0.36863765077127086, ""w_multiv"": 0.04361596358122488, ""w_sparse"": 0.5877463856475041}",2026-01-07T11:38:09.033343Z
74,nan,pruned,0.36,"{""fusion_method"": ""weighted_sum"", ""rrf_k"": 60, ""score_normalization"": ""minmax_per_query"", ""top_k_final"": 10, ""top_k_retriever"": 128, ""use_multiv"": false, ""use_sparse"": true, ""w_dense"": 0.20053840166536066, ""w_multiv"": 0.37865301465502693, ""w_sparse"": 0.4208085836796123}",2026-01-07T11:38:11.132563Z
75,nan,pruned,0.26,"{""fusion_method"": ""rrf"", ""rrf_k"": 60, ""score_normalization"": ""minmax_per_query"", ""top_k_final"": 3, ""top_k_retriever"": 64, ""use_multiv"": false, ""use_sparse"": false, ""w_dense"": 1.0, ""w_multiv"": 0.0, ""w_sparse"": 0.0}",2026-01-07T11:38:14.742168Z
76,nan,pruned,0.00,"{""fusion_method"": ""weighted_sum"", ""rrf_k"": 60, ""score_normalization"": ""zscore_per_query"", ""top_k_final"": 20, ""top_k_retriever"": 16, ""use_multiv"": true, ""use_sparse"": true, ""w_dense"": 0.22696332946080627, ""w_multiv"": 0.48153355932627556, ""w_sparse"": 0.2915031112129181}",2026-01-07T11:38:16.616643Z
77,nan,pruned,0.27,"{""fusion_method"": ""rrf"", ""rrf_k"": 60, ""score_normalization"": ""minmax_per_query"", ""top_k_final"": 5, ""top_k_retriever"": 48, ""use_multiv"": true, ""use_sparse"": false, ""w_dense"": 1.0, ""w_multiv"": 0.0, ""w_sparse"": 0.0}",2026-01-07T11:38:18.155916Z
78,nan,pruned,0.45,"{""fusion_method"": ""weighted_sum"", ""rrf_k"": 60, ""score_normalization"": ""zscore_per_query"", ""top_k_final"": 5, ""top_k_retriever"": 64, ""use_multiv"": true, ""use_sparse"": false, ""w_dense"": 0.4421757943119035, ""w_multiv"": 0.30019589851655115, ""w_sparse"": 0.2576283071715453}",2026-01-07T11:38:20.297250Z
79,0.678244,complete,2.73,"{""fusion_method"": ""weighted_sum"", ""rrf_k"": 60, ""score_normalization"": ""none"", ""top_k_final"": 10, ""top_k_retriever"": 96, ""use_multiv"": false, ""use_sparse"": true, ""w_dense"": 0.21288777463303987, ""w_multiv"": 0.35938737632968987, ""w_sparse"": 0.42772484903727026}",2026-01-07T11:38:24.891116Z
80,nan,pruned,0.32,"{""fusion_method"": ""weighted_sum"", ""rrf_k"": 60, ""score_normalization"": ""none"", ""top_k_final"": 10, ""top_k_retriever"": 96, ""use_multiv"": false, ""use_sparse"": true, ""w_dense"": 0.28203785890998195, ""w_multiv"": 0.3289971178894147, ""w_sparse"": 0.3889650232006033}",2026-01-07T11:38:26.724823Z
81,nan,pruned,0.35,"{""fusion_method"": ""weighted_sum"", ""rrf_k"": 60, ""score_normalization"": ""none"", ""top_k_final"": 10, ""top_k_retriever"": 96, ""use_multiv"": false, ""use_sparse"": true, ""w_dense"": 0.1471175268055433, ""w_multiv"": 0.45857887487895876, ""w_sparse"": 0.39430359831549777}",2026-01-07T11:38:29.171679Z
82,nan,pruned,0.31,"{""fusion_method"": ""weighted_sum"", ""rrf_k"": 60, ""score_normalization"": ""none"", ""top_k_final"": 10, ""top_k_retriever"": 96, ""use_multiv"": false, ""use_sparse"": true, ""w_dense"": 0.11970091877480836, ""w_multiv"": 0.49502937885765985, ""w_sparse"": 0.3852697023675317}",2026-01-07T11:38:31.029177Z
83,nan,pruned,0.16,"{""fusion_method"": ""weighted_sum"", ""rrf_k"": 60, ""score_normalization"": ""none"", ""top_k_final"": 10, ""top_k_retriever"": 96, ""use_multiv"": false, ""use_sparse"": true, ""w_dense"": 0.17412642914220428, ""w_multiv"": 0.4425020417072526, ""w_sparse"": 0.3833715291505431}",2026-01-07T11:38:33.093461Z
84,nan,pruned,0.31,"{""fusion_method"": ""weighted_sum"", ""rrf_k"": 60, ""score_normalization"": ""none"", ""top_k_final"": 3, ""top_k_retriever"": 8, ""use_multiv"": false, ""use_sparse"": true, ""w_dense"": 0.5889717802521831, ""w_multiv"": 0.2898344737079343, ""w_sparse"": 0.12119374603988266}",2026-01-07T11:38:34.670374Z
85,nan,pruned,0.25,"{""fusion_method"": ""rrf"", ""rrf_k"": 60, ""score_normalization"": ""zscore_per_query"", ""top_k_final"": 5, ""top_k_retriever"": 24, ""use_multiv"": true, ""use_sparse"": false, ""w_dense"": 1.0, ""w_multiv"": 0.0, ""w_sparse"": 0.0}",2026-01-07T11:38:49.038588Z
86,0.691873,complete,2.43,"{""fusion_method"": ""weighted_sum"", ""rrf_k"": 60, ""score_normalization"": ""zscore_per_query"", ""top_k_final"": 10, ""top_k_retriever"": 64, ""use_multiv"": true, ""use_sparse"": false, ""w_dense"": 0.261685155844368, ""w_multiv"": 0.20013642027502973, ""w_sparse"": 0.5381784238806022}",2026-01-07T11:38:52.934654Z
87,nan,pruned,0.60,"{""fusion_method"": ""weighted_sum"", ""rrf_k"": 60, ""score_normalization"": ""zscore_per_query"", ""top_k_final"": 10, ""top_k_retriever"": 64, ""use_multiv"": true, ""use_sparse"": false, ""w_dense"": 0.27093329718603326, ""w_multiv"": 0.19895214415678078, ""w_sparse"": 0.530114558657186}",2026-01-07T11:38:54.989415Z
88,nan,pruned,0.27,"{""fusion_method"": ""weighted_sum"", ""rrf_k"": 60, ""score_normalization"": ""zscore_per_query"", ""top_k_final"": 1, ""top_k_retriever"": 64, ""use_multiv"": true, ""use_sparse"": false, ""w_dense"": 0.36068396535660296, ""w_multiv"": 0.14558313428675013, ""w_sparse"": 0.49373290035664696}",2026-01-07T11:38:57.032883Z
89,nan,pruned,0.34,"{""fusion_method"": ""rrf"", ""rrf_k"": 60, ""score_normalization"": ""zscore_per_query"", ""top_k_final"": 5, ""top_k_retriever"": 64, ""use_multiv"": true, ""use_sparse"": false, ""w_dense"": 1.0, ""w_multiv"": 0.0, ""w_sparse"": 0.0}",2026-01-07T11:38:58.717598Z
90,nan,pruned,0.25,"{""fusion_method"": ""weighted_sum"", ""rrf_k"": 60, ""score_normalization"": ""zscore_per_query"", ""top_k_final"": 20, ""top_k_retriever"": 64, ""use_multiv"": true, ""use_sparse"": false, ""w_dense"": 0.20726144517226736, ""w_multiv"": 0.28066005302022806, ""w_sparse"": 0.5120785018075046}",2026-01-07T11:39:00.729565Z
91,nan,pruned,0.32,"{""fusion_method"": ""weighted_sum"", ""rrf_k"": 60, ""score_normalization"": ""zscore_per_query"", ""top_k_final"": 10, ""top_k_retriever"": 96, ""use_multiv"": true, ""use_sparse"": false, ""w_dense"": 0.20762367277263666, ""w_multiv"": 0.24159521200087086, ""w_sparse"": 0.5507811152264925}",2026-01-07T11:39:02.599655Z
92,0.678316,complete,2.12,"{""fusion_method"": ""weighted_sum"", ""rrf_k"": 60, ""score_normalization"": ""zscore_per_query"", ""top_k_final"": 10, ""top_k_retriever"": 32, ""use_multiv"": true, ""use_sparse"": false, ""w_dense"": 0.4629752310981018, ""w_multiv"": 0.07480249574986018, ""w_sparse"": 0.46222227315203807}",2026-01-07T11:39:06.744650Z
93,nan,pruned,0.61,"{""fusion_method"": ""weighted_sum"", ""rrf_k"": 60, ""score_normalization"": ""zscore_per_query"", ""top_k_final"": 10, ""top_k_retriever"": 32, ""use_multiv"": true, ""use_sparse"": false, ""w_dense"": 0.37697589740935566, ""w_multiv"": 0.06879174693058761, ""w_sparse"": 0.5542323556600567}",2026-01-07T11:39:09.120404Z
94,nan,pruned,0.32,"{""fusion_method"": ""weighted_sum"", ""rrf_k"": 60, ""score_normalization"": ""zscore_per_query"", ""top_k_final"": 10, ""top_k_retriever"": 32, ""use_multiv"": true, ""use_sparse"": false, ""w_dense"": 0.49487897683722093, ""w_multiv"": 0.03444154731825619, ""w_sparse"": 0.47067947584452285}",2026-01-07T11:39:11.444953Z
95,nan,pruned,1.02,"{""fusion_method"": ""weighted_sum"", ""rrf_k"": 60, ""score_normalization"": ""zscore_per_query"", ""top_k_final"": 10, ""top_k_retriever"": 32, ""use_multiv"": true, ""use_sparse"": false, ""w_dense"": 0.6177394808912223, ""w_multiv"": 0.09403991459008552, ""w_sparse"": 0.28822060451869214}",2026-01-07T11:39:14.118696Z
96,nan,pruned,0.32,"{""fusion_method"": ""rrf"", ""rrf_k"": 60, ""score_normalization"": ""zscore_per_query"", ""top_k_final"": 5, ""top_k_retriever"": 32, ""use_multiv"": true, ""use_sparse"": false, ""w_dense"": 1.0, ""w_multiv"": 0.0, ""w_sparse"": 0.0}",2026-01-07T11:39:15.700362Z
97,nan,pruned,0.30,"{""fusion_method"": ""weighted_sum"", ""rrf_k"": 60, ""score_normalization"": ""zscore_per_query"", ""top_k_final"": 3, ""top_k_retriever"": 64, ""use_multiv"": true, ""use_sparse"": false, ""w_dense"": 0.5933354039226649, ""w_multiv"": 0.3480256051169733, ""w_sparse"": 0.05863899096036179}",2026-01-07T11:39:17.713659Z
98,nan,pruned,0.30,"{""fusion_method"": ""weighted_sum"", ""rrf_k"": 60, ""score_normalization"": ""zscore_per_query"", ""top_k_final"": 1, ""top_k_retriever"": 96, ""use_multiv"": true, ""use_sparse"": false, ""w_dense"": 0.6191082433977256, ""w_multiv"": 0.003224279249998549, ""w_sparse"": 0.37766747735227574}",2026-01-07T11:39:19.820154Z
99,nan,pruned,0.30,"{""fusion_method"": ""rrf"", ""rrf_k"": 60, ""score_normalization"": ""zscore_per_query"", ""top_k_final"": 10, ""top_k_retriever"": 128, ""use_multiv"": true, ""use_sparse"": false, ""w_dense"": 1.0, ""w_multiv"": 0.0, ""w_sparse"": 0.0}",2026-01-07T11:39:21.201969Z
100,nan,pruned,0.47,"{""fusion_method"": ""weighted_sum"", ""rrf_k"": 60, ""score_normalization"": ""zscore_per_query"", ""top_k_final"": 5, ""top_k_retriever"": 8, ""use_multiv"": true, ""use_sparse"": false, ""w_dense"": 0.5040097721414085, ""w_multiv"": 0.3235098800065664, ""w_sparse"": 0.17248034785202512}",2026-01-07T11:39:23.597348Z
101,nan,pruned,5.91,"{""fusion_method"": ""weighted_sum"", ""rrf_k"": 60, ""score_normalization"": ""minmax_per_query"", ""top_k_final"": 10, ""top_k_retriever"": 16, ""use_multiv"": false, ""use_sparse"": true, ""w_dense"": 0.29385334779120775, ""w_multiv"": 0.41926462147668486, ""w_sparse"": 0.28688203073210755}",2026-01-07T11:39:45.180167Z
102,nan,pruned,0.25,"{""fusion_method"": ""weighted_sum"", ""rrf_k"": 60, ""score_normalization"": ""none"", ""top_k_final"": 10, ""top_k_retriever"": 24, ""use_multiv"": true, ""use_sparse"": false, ""w_dense"": 0.4859711944208915, ""w_multiv"": 0.09110780415654164, ""w_sparse"": 0.422921001422567}",2026-01-07T11:39:49.718185Z
103,nan,pruned,0.30,"{""fusion_method"": ""weighted_sum"", ""rrf_k"": 60, ""score_normalization"": ""zscore_per_query"", ""top_k_final"": 10, ""top_k_retriever"": 64, ""use_multiv"": true, ""use_sparse"": true, ""w_dense"": 0.17005316354454275, ""w_multiv"": 0.4875640860142941, ""w_sparse"": 0.3423827504411631}",2026-01-07T11:39:51.843474Z
104,nan,pruned,0.53,"{""fusion_method"": ""weighted_sum"", ""rrf_k"": 60, ""score_normalization"": ""minmax_per_query"", ""top_k_final"": 10, ""top_k_retriever"": 48, ""use_multiv"": true, ""use_sparse"": false, ""w_dense"": 0.6168627092461207, ""w_multiv"": 0.19758671111190323, ""w_sparse"": 0.18555057964197602}",2026-01-07T11:39:53.988667Z
105,nan,pruned,0.30,"{""fusion_method"": ""rrf"", ""rrf_k"": 60, ""score_normalization"": ""zscore_per_query"", ""top_k_final"": 5, ""top_k_retriever"": 96, ""use_multiv"": true, ""use_sparse"": false, ""w_dense"": 1.0, ""w_multiv"": 0.0, ""w_sparse"": 0.0}",2026-01-07T11:39:55.477545Z
106,nan,pruned,0.26,"{""fusion_method"": ""weighted_sum"", ""rrf_k"": 60, ""score_normalization"": ""zscore_per_query"", ""top_k_final"": 3, ""top_k_retriever"": 64, ""use_multiv"": false, ""use_sparse"": true, ""w_dense"": 0.5165957547972905, ""w_multiv"": 0.06276749331039908, ""w_sparse"": 0.4206367518923104}",2026-01-07T11:39:57.705478Z
107,nan,pruned,0.33,"{""fusion_method"": ""weighted_sum"", ""rrf_k"": 60, ""score_normalization"": ""minmax_per_query"", ""top_k_final"": 1, ""top_k_retriever"": 32, ""use_multiv"": true, ""use_sparse"": false, ""w_dense"": 0.5767114503385573, ""w_multiv"": 0.14076798129721188, ""w_sparse"": 0.28252056836423073}",2026-01-07T11:40:00.048807Z
108,nan,pruned,0.29,"{""fusion_method"": ""rrf"", ""rrf_k"": 60, ""score_normalization"": ""zscore_per_query"", ""top_k_final"": 10, ""top_k_retriever"": 16, ""use_multiv"": true, ""use_sparse"": false, ""w_dense"": 1.0, ""w_multiv"": 0.0, ""w_sparse"": 0.0}",2026-01-07T11:40:01.546385Z
109,nan,pruned,0.54,"{""fusion_method"": ""weighted_sum"", ""rrf_k"": 60, ""score_normalization"": ""zscore_per_query"", ""top_k_final"": 5, ""top_k_retriever"": 8, ""use_multiv"": true, ""use_sparse"": true, ""w_dense"": 0.6114903555545075, ""w_multiv"": 0.3529294815242969, ""w_sparse"": 0.035580162921195625}",2026-01-07T11:40:03.766463Z
110,nan,pruned,0.29,"{""fusion_method"": ""weighted_sum"", ""rrf_k"": 60, ""score_normalization"": ""none"", ""top_k_final"": 10, ""top_k_retriever"": 64, ""use_multiv"": false, ""use_sparse"": false, ""w_dense"": 0.410450085074989, ""w_multiv"": 0.15318094270765809, ""w_sparse"": 0.4363689722173529}",2026-01-07T11:40:05.751707Z
111,nan,pruned,0.31,"{""fusion_method"": ""rrf"", ""rrf_k"": 60, ""score_normalization"": ""minmax_per_query"", ""top_k_final"": 3, ""top_k_retriever"": 8, ""use_multiv"": false, ""use_sparse"": true, ""w_dense"": 1.0, ""w_multiv"": 0.0, ""w_sparse"": 0.0}",2026-01-07T11:40:07.303632Z
112,nan,pruned,0.26,"{""fusion_method"": ""rrf"", ""rrf_k"": 60, ""score_normalization"": ""minmax_per_query"", ""top_k_final"": 3, ""top_k_retriever"": 8, ""use_multiv"": false, ""use_sparse"": true, ""w_dense"": 1.0, ""w_multiv"": 0.0, ""w_sparse"": 0.0}",2026-01-07T11:40:08.967333Z
113,nan,pruned,0.35,"{""fusion_method"": ""rrf"", ""rrf_k"": 60, ""score_normalization"": ""minmax_per_query"", ""top_k_final"": 3, ""top_k_retriever"": 24, ""use_multiv"": false, ""use_sparse"": true, ""w_dense"": 1.0, ""w_multiv"": 0.0, ""w_sparse"": 0.0}",2026-01-07T11:40:10.740053Z
114,nan,pruned,0.46,"{""fusion_method"": ""rrf"", ""rrf_k"": 60, ""score_normalization"": ""minmax_per_query"", ""top_k_final"": 3, ""top_k_retriever"": 8, ""use_multiv"": false, ""use_sparse"": true, ""w_dense"": 1.0, ""w_multiv"": 0.0, ""w_sparse"": 0.0}",2026-01-07T11:40:12.472814Z
115,nan,pruned,0.47,"{""fusion_method"": ""rrf"", ""rrf_k"": 60, ""score_normalization"": ""minmax_per_query"", ""top_k_final"": 5, ""top_k_retriever"": 96, ""use_multiv"": true, ""use_sparse"": true, ""w_dense"": 1.0, ""w_multiv"": 0.0, ""w_sparse"": 0.0}",2026-01-07T11:40:13.980089Z
116,nan,pruned,0.57,"{""fusion_method"": ""rrf"", ""rrf_k"": 60, ""score_normalization"": ""zscore_per_query"", ""top_k_final"": 20, ""top_k_retriever"": 64, ""use_multiv"": false, ""use_sparse"": false, ""w_dense"": 1.0, ""w_multiv"": 0.0, ""w_sparse"": 0.0}",2026-01-07T11:40:15.818549Z
117,nan,pruned,0.29,"{""fusion_method"": ""weighted_sum"", ""rrf_k"": 60, ""score_normalization"": ""zscore_per_query"", ""top_k_final"": 5, ""top_k_retriever"": 96, ""use_multiv"": true, ""use_sparse"": true, ""w_dense"": 0.5926645545130677, ""w_multiv"": 0.31637749688834754, ""w_sparse"": 0.09095794859858479}",2026-01-07T11:40:17.613194Z
118,nan,pruned,0.46,"{""fusion_method"": ""weighted_sum"", ""rrf_k"": 60, ""score_normalization"": ""minmax_per_query"", ""top_k_final"": 1, ""top_k_retriever"": 8, ""use_multiv"": true, ""use_sparse"": false, ""w_dense"": 0.37530527126838936, ""w_multiv"": 0.1992923430378851, ""w_sparse"": 0.42540238569372557}",2026-01-07T11:40:19.832925Z
119,nan,pruned,0.32,"{""fusion_method"": ""rrf"", ""rrf_k"": 60, ""score_normalization"": ""zscore_per_query"", ""top_k_final"": 10, ""top_k_retriever"": 16, ""use_multiv"": false, ""use_sparse"": false, ""w_dense"": 1.0, ""w_multiv"": 0.0, ""w_sparse"": 0.0}",2026-01-07T11:40:21.227971Z
120,nan,pruned,0.52,"{""fusion_method"": ""weighted_sum"", ""rrf_k"": 60, ""score_normalization"": ""none"", ""top_k_final"": 3, ""top_k_retriever"": 64, ""use_multiv"": true, ""use_sparse"": true, ""w_dense"": 0.05562512533679478, ""w_multiv"": 0.8493810901063285, ""w_sparse"": 0.09499378455687674}",2026-01-07T11:40:23.781918Z
121,nan,pruned,0.30,"{""fusion_method"": ""rrf"", ""rrf_k"": 60, ""score_normalization"": ""zscore_per_query"", ""top_k_final"": 10, ""top_k_retriever"": 64, ""use_multiv"": true, ""use_sparse"": true, ""w_dense"": 1.0, ""w_multiv"": 0.0, ""w_sparse"": 0.0}",2026-01-07T11:40:25.135455Z
122,nan,pruned,1.19,"{""fusion_method"": ""rrf"", ""rrf_k"": 60, ""score_normalization"": ""zscore_per_query"", ""top_k_final"": 10, ""top_k_retriever"": 64, ""use_multiv"": true, ""use_sparse"": true, ""w_dense"": 1.0, ""w_multiv"": 0.0, ""w_sparse"": 0.0}",2026-01-07T11:40:27.601429Z
123,nan,pruned,6.05,"{""fusion_method"": ""rrf"", ""rrf_k"": 60, ""score_normalization"": ""zscore_per_query"", ""top_k_final"": 10, ""top_k_retriever"": 64, ""use_multiv"": true, ""use_sparse"": true, ""w_dense"": 1.0, ""w_multiv"": 0.0, ""w_sparse"": 0.0}",2026-01-07T11:40:47.882529Z
124,nan,pruned,0.21,"{""fusion_method"": ""rrf"", ""rrf_k"": 60, ""score_normalization"": ""zscore_per_query"", ""top_k_final"": 10, ""top_k_retriever"": 128, ""use_multiv"": true, ""use_sparse"": true, ""w_dense"": 1.0, ""w_multiv"": 0.0, ""w_sparse"": 0.0}",2026-01-07T11:40:54.902358Z
125,nan,pruned,0.34,"{""fusion_method"": ""rrf"", ""rrf_k"": 60, ""score_normalization"": ""zscore_per_query"", ""top_k_final"": 5, ""top_k_retriever"": 24, ""use_multiv"": true, ""use_sparse"": false, ""w_dense"": 1.0, ""w_multiv"": 0.0, ""w_sparse"": 0.0}",2026-01-07T11:40:56.150414Z
126,nan,pruned,0.26,"{""fusion_method"": ""weighted_sum"", ""rrf_k"": 60, ""score_normalization"": ""zscore_per_query"", ""top_k_final"": 10, ""top_k_retriever"": 96, ""use_multiv"": true, ""use_sparse"": true, ""w_dense"": 0.5851885686137075, ""w_multiv"": 0.19419349019301752, ""w_sparse"": 0.22061794119327513}",2026-01-07T11:40:58.050979Z
127,nan,pruned,0.30,"{""fusion_method"": ""weighted_sum"", ""rrf_k"": 60, ""score_normalization"": ""minmax_per_query"", ""top_k_final"": 5, ""top_k_retriever"": 64, ""use_multiv"": true, ""use_sparse"": false, ""w_dense"": 0.6220264756705653, ""w_multiv"": 0.32848578974730724, ""w_sparse"": 0.049487734582127456}",2026-01-07T11:40:59.972732Z
128,nan,pruned,0.50,"{""fusion_method"": ""rrf"", ""rrf_k"": 60, ""score_normalization"": ""zscore_per_query"", ""top_k_final"": 10, ""top_k_retriever"": 48, ""use_multiv"": false, ""use_sparse"": false, ""w_dense"": 1.0, ""w_multiv"": 0.0, ""w_sparse"": 0.0}",2026-01-07T11:41:01.744638Z
129,nan,pruned,0.20,"{""fusion_method"": ""weighted_sum"", ""rrf_k"": 60, ""score_normalization"": ""zscore_per_query"", ""top_k_final"": 1, ""top_k_retriever"": 32, ""use_multiv"": true, ""use_sparse"": true, ""w_dense"": 0.6027654265926957, ""w_multiv"": 0.023534145535310042, ""w_sparse"": 0.3737004278719944}",2026-01-07T11:41:03.520735Z
130,nan,pruned,0.25,"{""fusion_method"": ""weighted_sum"", ""rrf_k"": 60, ""score_normalization"": ""none"", ""top_k_final"": 3, ""top_k_retriever"": 64, ""use_multiv"": true, ""use_sparse"": false, ""w_dense"": 0.17365785757776403, ""w_multiv"": 0.6340916569887098, ""w_sparse"": 0.19225048543352605}",2026-01-07T11:41:05.015186Z
131,nan,pruned,0.44,"{""fusion_method"": ""rrf"", ""rrf_k"": 60, ""score_normalization"": ""zscore_per_query"", ""top_k_final"": 10, ""top_k_retriever"": 64, ""use_multiv"": true, ""use_sparse"": true, ""w_dense"": 1.0, ""w_multiv"": 0.0, ""w_sparse"": 0.0}",2026-01-07T11:41:06.505585Z
132,nan,pruned,0.50,"{""fusion_method"": ""rrf"", ""rrf_k"": 60, ""score_normalization"": ""zscore_per_query"", ""top_k_final"": 10, ""top_k_retriever"": 64, ""use_multiv"": true, ""use_sparse"": true, ""w_dense"": 1.0, ""w_multiv"": 0.0, ""w_sparse"": 0.0}",2026-01-07T11:41:08.245892Z
133,nan,pruned,0.33,"{""fusion_method"": ""rrf"", ""rrf_k"": 60, ""score_normalization"": ""zscore_per_query"", ""top_k_final"": 10, ""top_k_retriever"": 64, ""use_multiv"": true, ""use_sparse"": true, ""w_dense"": 1.0, ""w_multiv"": 0.0, ""w_sparse"": 0.0}",2026-01-07T11:41:09.946196Z
134,nan,pruned,0.55,"{""fusion_method"": ""rrf"", ""rrf_k"": 60, ""score_normalization"": ""zscore_per_query"", ""top_k_final"": 10, ""top_k_retriever"": 64, ""use_multiv"": true, ""use_sparse"": true, ""w_dense"": 1.0, ""w_multiv"": 0.0, ""w_sparse"": 0.0}",2026-01-07T11:41:11.724208Z
135,nan,pruned,0.31,"{""fusion_method"": ""rrf"", ""rrf_k"": 60, ""score_normalization"": ""zscore_per_query"", ""top_k_final"": 10, ""top_k_retriever"": 96, ""use_multiv"": true, ""use_sparse"": true, ""w_dense"": 1.0, ""w_multiv"": 0.0, ""w_sparse"": 0.0}",2026-01-07T11:41:13.257370Z
136,nan,pruned,1.12,"{""fusion_method"": ""rrf"", ""rrf_k"": 60, ""score_normalization"": ""zscore_per_query"", ""top_k_final"": 5, ""top_k_retriever"": 8, ""use_multiv"": true, ""use_sparse"": true, ""w_dense"": 1.0, ""w_multiv"": 0.0, ""w_sparse"": 0.0}",2026-01-07T11:41:15.896381Z
137,nan,pruned,0.41,"{""fusion_method"": ""weighted_sum"", ""rrf_k"": 60, ""score_normalization"": ""minmax_per_query"", ""top_k_final"": 10, ""top_k_retriever"": 64, ""use_multiv"": true, ""use_sparse"": false, ""w_dense"": 0.4900195243706159, ""w_multiv"": 0.033352286239734893, ""w_sparse"": 0.4766281893896492}",2026-01-07T11:41:17.908251Z
138,nan,pruned,0.00,"{""fusion_method"": ""rrf"", ""rrf_k"": 60, ""score_normalization"": ""zscore_per_query"", ""top_k_final"": 20, ""top_k_retriever"": 16, ""use_multiv"": false, ""use_sparse"": false, ""w_dense"": 1.0, ""w_multiv"": 0.0, ""w_sparse"": 0.0}",2026-01-07T11:41:18.975700Z
139,nan,pruned,0.29,"{""fusion_method"": ""weighted_sum"", ""rrf_k"": 60, ""score_normalization"": ""zscore_per_query"", ""top_k_final"": 10, ""top_k_retriever"": 24, ""use_multiv"": true, ""use_sparse"": true, ""w_dense"": 0.5282255382725575, ""w_multiv"": 0.29784245541339177, ""w_sparse"": 0.17393200631405079}",2026-01-07T11:41:20.866685Z
140,nan,pruned,0.31,"{""fusion_method"": ""weighted_sum"", ""rrf_k"": 60, ""score_normalization"": ""zscore_per_query"", ""top_k_final"": 5, ""top_k_retriever"": 96, ""use_multiv"": true, ""use_sparse"": false, ""w_dense"": 0.3267407732445506, ""w_multiv"": 0.3857731625499355, ""w_sparse"": 0.287486064205514}",2026-01-07T11:41:22.890959Z
141,nan,pruned,0.26,"{""fusion_method"": ""rrf"", ""rrf_k"": 60, ""score_normalization"": ""minmax_per_query"", ""top_k_final"": 3, ""top_k_retriever"": 64, ""use_multiv"": true, ""use_sparse"": false, ""w_dense"": 1.0, ""w_multiv"": 0.0, ""w_sparse"": 0.0}",2026-01-07T11:41:24.423587Z
142,nan,pruned,0.72,"{""fusion_method"": ""rrf"", ""rrf_k"": 60, ""score_normalization"": ""minmax_per_query"", ""top_k_final"": 3, ""top_k_retriever"": 64, ""use_multiv"": true, ""use_sparse"": false, ""w_dense"": 1.0, ""w_multiv"": 0.0, ""w_sparse"": 0.0}",2026-01-07T11:41:26.282728Z
143,nan,pruned,1.54,"{""fusion_method"": ""rrf"", ""rrf_k"": 60, ""score_normalization"": ""minmax_per_query"", ""top_k_final"": 3, ""top_k_retriever"": 64, ""use_multiv"": true, ""use_sparse"": false, ""w_dense"": 1.0, ""w_multiv"": 0.0, ""w_sparse"": 0.0}",2026-01-07T11:41:28.935957Z
144,nan,pruned,0.49,"{""fusion_method"": ""rrf"", ""rrf_k"": 60, ""score_normalization"": ""minmax_per_query"", ""top_k_final"": 3, ""top_k_retriever"": 64, ""use_multiv"": true, ""use_sparse"": false, ""w_dense"": 1.0, ""w_multiv"": 0.0, ""w_sparse"": 0.0}",2026-01-07T11:41:30.734103Z
145,nan,pruned,1.20,"{""fusion_method"": ""rrf"", ""rrf_k"": 60, ""score_normalization"": ""minmax_per_query"", ""top_k_final"": 3, ""top_k_retriever"": 64, ""use_multiv"": true, ""use_sparse"": false, ""w_dense"": 1.0, ""w_multiv"": 0.0, ""w_sparse"": 0.0}",2026-01-07T11:41:34.519141Z
146,nan,pruned,1.09,"{""fusion_method"": ""rrf"", ""rrf_k"": 60, ""score_normalization"": ""minmax_per_query"", ""top_k_final"": 10, ""top_k_retriever"": 32, ""use_multiv"": false, ""use_sparse"": false, ""w_dense"": 1.0, ""w_multiv"": 0.0, ""w_sparse"": 0.0}",2026-01-07T11:41:36.897585Z
147,nan,pruned,0.30,"{""fusion_method"": ""weighted_sum"", ""rrf_k"": 60, ""score_normalization"": ""zscore_per_query"", ""top_k_final"": 3, ""top_k_retriever"": 8, ""use_multiv"": true, ""use_sparse"": false, ""w_dense"": 0.4264201330995278, ""w_multiv"": 0.4190140869799987, ""w_sparse"": 0.1545657799204735}",2026-01-07T11:41:38.775596Z
148,nan,pruned,0.28,"{""fusion_method"": ""rrf"", ""rrf_k"": 60, ""score_normalization"": ""none"", ""top_k_final"": 1, ""top_k_retriever"": 64, ""use_multiv"": true, ""use_sparse"": true, ""w_dense"": 1.0, ""w_multiv"": 0.0, ""w_sparse"": 0.0}",2026-01-07T11:41:40.617264Z
149,nan,pruned,0.44,"{""fusion_method"": ""weighted_sum"", ""rrf_k"": 60, ""score_normalization"": ""minmax_per_query"", ""top_k_final"": 5, ""top_k_retriever"": 96, ""use_multiv"": true, ""use_sparse"": false, ""w_dense"": 0.0825952054711671, ""w_multiv"": 0.2889314121015402, ""w_sparse"": 0.6284733824272927}",2026-01-07T11:41:42.651350Z
150,nan,pruned,0.26,"{""fusion_method"": ""rrf"", ""rrf_k"": 60, ""score_normalization"": ""zscore_per_query"", ""top_k_final"": 10, ""top_k_retriever"": 64, ""use_multiv"": false, ""use_sparse"": true, ""w_dense"": 1.0, ""w_multiv"": 0.0, ""w_sparse"": 0.0}",2026-01-07T11:41:44.240292Z
151,nan,pruned,0.54,"{""fusion_method"": ""rrf"", ""rrf_k"": 60, ""score_normalization"": ""minmax_per_query"", ""top_k_final"": 3, ""top_k_retriever"": 64, ""use_multiv"": true, ""use_sparse"": false, ""w_dense"": 1.0, ""w_multiv"": 0.0, ""w_sparse"": 0.0}",2026-01-07T11:41:45.889590Z
152,nan,pruned,0.33,"{""fusion_method"": ""rrf"", ""rrf_k"": 60, ""score_normalization"": ""minmax_per_query"", ""top_k_final"": 3, ""top_k_retriever"": 64, ""use_multiv"": true, ""use_sparse"": false, ""w_dense"": 1.0, ""w_multiv"": 0.0, ""w_sparse"": 0.0}",2026-01-07T11:41:47.537353Z
153,nan,pruned,0.26,"{""fusion_method"": ""rrf"", ""rrf_k"": 60, ""score_normalization"": ""minmax_per_query"", ""top_k_final"": 3, ""top_k_retriever"": 64, ""use_multiv"": true, ""use_sparse"": false, ""w_dense"": 1.0, ""w_multiv"": 0.0, ""w_sparse"": 0.0}",2026-01-07T11:41:49.038319Z
154,nan,pruned,0.30,"{""fusion_method"": ""rrf"", ""rrf_k"": 60, ""score_normalization"": ""minmax_per_query"", ""top_k_final"": 3, ""top_k_retriever"": 64, ""use_multiv"": true, ""use_sparse"": false, ""w_dense"": 1.0, ""w_multiv"": 0.0, ""w_sparse"": 0.0}",2026-01-07T11:41:50.588869Z
155,nan,pruned,0.41,"{""fusion_method"": ""weighted_sum"", ""rrf_k"": 60, ""score_normalization"": ""zscore_per_query"", ""top_k_final"": 5, ""top_k_retriever"": 128, ""use_multiv"": true, ""use_sparse"": false, ""w_dense"": 0.23014179942969482, ""w_multiv"": 0.3920822836309637, ""w_sparse"": 0.37777591693934154}",2026-01-07T11:41:52.929421Z
156,nan,pruned,2.81,"{""fusion_method"": ""rrf"", ""rrf_k"": 60, ""score_normalization"": ""minmax_per_query"", ""top_k_final"": 10, ""top_k_retriever"": 16, ""use_multiv"": true, ""use_sparse"": false, ""w_dense"": 1.0, ""w_multiv"": 0.0, ""w_sparse"": 0.0}",2026-01-07T11:42:04.057378Z
157,nan,pruned,0.25,"{""fusion_method"": ""weighted_sum"", ""rrf_k"": 60, ""score_normalization"": ""zscore_per_query"", ""top_k_final"": 3, ""top_k_retriever"": 8, ""use_multiv"": true, ""use_sparse"": true, ""w_dense"": 0.9955694984991845, ""w_multiv"": 0.0007904064690158559, ""w_sparse"": 0.0036400950317996197}",2026-01-07T11:42:05.943054Z
158,nan,pruned,0.30,"{""fusion_method"": ""rrf"", ""rrf_k"": 60, ""score_normalization"": ""zscore_per_query"", ""top_k_final"": 10, ""top_k_retriever"": 24, ""use_multiv"": false, ""use_sparse"": false, ""w_dense"": 1.0, ""w_multiv"": 0.0, ""w_sparse"": 0.0}",2026-01-07T11:42:07.640287Z
159,nan,pruned,0.30,"{""fusion_method"": ""weighted_sum"", ""rrf_k"": 60, ""score_normalization"": ""minmax_per_query"", ""top_k_final"": 5, ""top_k_retriever"": 48, ""use_multiv"": true, ""use_sparse"": false, ""w_dense"": 0.367737233022821, ""w_multiv"": 0.07760632482413492, ""w_sparse"": 0.5546564421530441}",2026-01-07T11:42:09.656184Z
160,nan,pruned,0.31,"{""fusion_method"": ""rrf"", ""rrf_k"": 60, ""score_normalization"": ""zscore_per_query"", ""top_k_final"": 1, ""top_k_retriever"": 96, ""use_multiv"": true, ""use_sparse"": true, ""w_dense"": 1.0, ""w_multiv"": 0.0, ""w_sparse"": 0.0}",2026-01-07T11:42:11.336625Z
161,nan,pruned,0.45,"{""fusion_method"": ""rrf"", ""rrf_k"": 60, ""score_normalization"": ""minmax_per_query"", ""top_k_final"": 3, ""top_k_retriever"": 64, ""use_multiv"": true, ""use_sparse"": false, ""w_dense"": 1.0, ""w_multiv"": 0.0, ""w_sparse"": 0.0}",2026-01-07T11:42:13.022550Z
162,nan,pruned,0.31,"{""fusion_method"": ""rrf"", ""rrf_k"": 60, ""score_normalization"": ""minmax_per_query"", ""top_k_final"": 3, ""top_k_retriever"": 64, ""use_multiv"": true, ""use_sparse"": false, ""w_dense"": 1.0, ""w_multiv"": 0.0, ""w_sparse"": 0.0}",2026-01-07T11:42:14.677859Z
163,nan,pruned,0.32,"{""fusion_method"": ""rrf"", ""rrf_k"": 60, ""score_normalization"": ""minmax_per_query"", ""top_k_final"": 3, ""top_k_retriever"": 64, ""use_multiv"": true, ""use_sparse"": false, ""w_dense"": 1.0, ""w_multiv"": 0.0, ""w_sparse"": 0.0}",2026-01-07T11:42:16.228425Z
164,nan,pruned,0.21,"{""fusion_method"": ""rrf"", ""rrf_k"": 60, ""score_normalization"": ""minmax_per_query"", ""top_k_final"": 3, ""top_k_retriever"": 64, ""use_multiv"": true, ""use_sparse"": false, ""w_dense"": 1.0, ""w_multiv"": 0.0, ""w_sparse"": 0.0}",2026-01-07T11:42:17.301699Z
165,nan,pruned,0.57,"{""fusion_method"": ""rrf"", ""rrf_k"": 60, ""score_normalization"": ""minmax_per_query"", ""top_k_final"": 3, ""top_k_retriever"": 64, ""use_multiv"": true, ""use_sparse"": false, ""w_dense"": 1.0, ""w_multiv"": 0.0, ""w_sparse"": 0.0}",2026-01-07T11:42:18.914256Z
166,nan,pruned,0.31,"{""fusion_method"": ""weighted_sum"", ""rrf_k"": 60, ""score_normalization"": ""none"", ""top_k_final"": 10, ""top_k_retriever"": 32, ""use_multiv"": true, ""use_sparse"": false, ""w_dense"": 0.4372342190298581, ""w_multiv"": 0.16169134215018055, ""w_sparse"": 0.40107443881996147}",2026-01-07T11:42:20.908930Z
167,nan,pruned,0.34,"{""fusion_method"": ""rrf"", ""rrf_k"": 60, ""score_normalization"": ""zscore_per_query"", ""top_k_final"": 3, ""top_k_retriever"": 64, ""use_multiv"": false, ""use_sparse"": true, ""w_dense"": 1.0, ""w_multiv"": 0.0, ""w_sparse"": 0.0}",2026-01-07T11:42:22.555455Z
168,nan,pruned,0.17,"{""fusion_method"": ""weighted_sum"", ""rrf_k"": 60, ""score_normalization"": ""minmax_per_query"", ""top_k_final"": 5, ""top_k_retriever"": 64, ""use_multiv"": true, ""use_sparse"": false, ""w_dense"": 0.36026685753494325, ""w_multiv"": 0.5228191163932263, ""w_sparse"": 0.11691402607183046}",2026-01-07T11:42:24.304523Z
169,nan,pruned,0.24,"{""fusion_method"": ""rrf"", ""rrf_k"": 60, ""score_normalization"": ""zscore_per_query"", ""top_k_final"": 10, ""top_k_retriever"": 96, ""use_multiv"": true, ""use_sparse"": false, ""w_dense"": 1.0, ""w_multiv"": 0.0, ""w_sparse"": 0.0}",2026-01-07T11:42:25.549948Z
170,nan,pruned,0.00,"{""fusion_method"": ""weighted_sum"", ""rrf_k"": 60, ""score_normalization"": ""zscore_per_query"", ""top_k_final"": 20, ""top_k_retriever"": 8, ""use_multiv"": true, ""use_sparse"": true, ""w_dense"": 0.6749755399892583, ""w_multiv"": 0.03778503771062983, ""w_sparse"": 0.28723942230011196}",2026-01-07T11:42:36.313645Z
171,nan,pruned,0.30,"{""fusion_method"": ""weighted_sum"", ""rrf_k"": 60, ""score_normalization"": ""zscore_per_query"", ""top_k_final"": 10, ""top_k_retriever"": 64, ""use_multiv"": true, ""use_sparse"": false, ""w_dense"": 0.6364373294500691, ""w_multiv"": 0.06482077431170041, ""w_sparse"": 0.29874189623823044}",2026-01-07T11:42:38.158437Z
172,nan,pruned,0.29,"{""fusion_method"": ""weighted_sum"", ""rrf_k"": 60, ""score_normalization"": ""zscore_per_query"", ""top_k_final"": 10, ""top_k_retriever"": 32, ""use_multiv"": true, ""use_sparse"": false, ""w_dense"": 0.5906228146927304, ""w_multiv"": 0.09324733559635563, ""w_sparse"": 0.31612984971091396}",2026-01-07T11:42:40.483893Z
173,nan,pruned,0.30,"{""fusion_method"": ""weighted_sum"", ""rrf_k"": 60, ""score_normalization"": ""zscore_per_query"", ""top_k_final"": 10, ""top_k_retriever"": 32, ""use_multiv"": true, ""use_sparse"": false, ""w_dense"": 0.40414362208792454, ""w_multiv"": 0.16748336008391118, ""w_sparse"": 0.42837301782816417}",2026-01-07T11:42:42.235181Z
174,nan,pruned,0.25,"{""fusion_method"": ""weighted_sum"", ""rrf_k"": 60, ""score_normalization"": ""zscore_per_query"", ""top_k_final"": 10, ""top_k_retriever"": 32, ""use_multiv"": true, ""use_sparse"": false, ""w_dense"": 0.3747620627765515, ""w_multiv"": 0.15932228265594742, ""w_sparse"": 0.46591565456750106}",2026-01-07T11:42:44.257115Z
175,nan,pruned,0.31,"{""fusion_method"": ""weighted_sum"", ""rrf_k"": 60, ""score_normalization"": ""zscore_per_query"", ""top_k_final"": 10, ""top_k_retriever"": 32, ""use_multiv"": true, ""use_sparse"": false, ""w_dense"": 0.5189293681142559, ""w_multiv"": 0.30919529736558576, ""w_sparse"": 0.1718753345201583}",2026-01-07T11:42:46.328345Z
176,nan,pruned,0.40,"{""fusion_method"": ""weighted_sum"", ""rrf_k"": 60, ""score_normalization"": ""minmax_per_query"", ""top_k_final"": 10, ""top_k_retriever"": 16, ""use_multiv"": false, ""use_sparse"": false, ""w_dense"": 0.5893788978027995, ""w_multiv"": 0.046851911617954566, ""w_sparse"": 0.3637691905792459}",2026-01-07T11:42:48.512512Z
177,nan,pruned,0.29,"{""fusion_method"": ""rrf"", ""rrf_k"": 60, ""score_normalization"": ""zscore_per_query"", ""top_k_final"": 5, ""top_k_retriever"": 24, ""use_multiv"": true, ""use_sparse"": true, ""w_dense"": 1.0, ""w_multiv"": 0.0, ""w_sparse"": 0.0}",2026-01-07T11:42:49.914833Z
178,nan,pruned,0.51,"{""fusion_method"": ""weighted_sum"", ""rrf_k"": 60, ""score_normalization"": ""none"", ""top_k_final"": 3, ""top_k_retriever"": 64, ""use_multiv"": true, ""use_sparse"": false, ""w_dense"": 0.34038138604570956, ""w_multiv"": 0.033031392796278175, ""w_sparse"": 0.6265872211580124}",2026-01-07T11:42:52.674796Z
179,nan,pruned,0.30,"{""fusion_method"": ""rrf"", ""rrf_k"": 60, ""score_normalization"": ""zscore_per_query"", ""top_k_final"": 10, ""top_k_retriever"": 32, ""use_multiv"": true, ""use_sparse"": false, ""w_dense"": 1.0, ""w_multiv"": 0.0, ""w_sparse"": 0.0}",2026-01-07T11:42:54.118902Z
180,nan,pruned,0.43,"{""fusion_method"": ""weighted_sum"", ""rrf_k"": 60, ""score_normalization"": ""minmax_per_query"", ""top_k_final"": 1, ""top_k_retriever"": 96, ""use_multiv"": true, ""use_sparse"": true, ""w_dense"": 0.6108487727995523, ""w_multiv"": 0.1896759317227133, ""w_sparse"": 0.19947529547773446}",2026-01-07T11:42:56.244159Z
181,nan,pruned,0.24,"{""fusion_method"": ""rrf"", ""rrf_k"": 60, ""score_normalization"": ""minmax_per_query"", ""top_k_final"": 10, ""top_k_retriever"": 32, ""use_multiv"": false, ""use_sparse"": false, ""w_dense"": 1.0, ""w_multiv"": 0.0, ""w_sparse"": 0.0}",2026-01-07T11:42:57.907042Z
182,nan,pruned,0.29,"{""fusion_method"": ""rrf"", ""rrf_k"": 60, ""score_normalization"": ""minmax_per_query"", ""top_k_final"": 10, ""top_k_retriever"": 32, ""use_multiv"": false, ""use_sparse"": false, ""w_dense"": 1.0, ""w_multiv"": 0.0, ""w_sparse"": 0.0}",2026-01-07T11:42:59.105500Z
183,nan,pruned,0.30,"{""fusion_method"": ""rrf"", ""rrf_k"": 60, ""score_normalization"": ""minmax_per_query"", ""top_k_final"": 10, ""top_k_retriever"": 64, ""use_multiv"": false, ""use_sparse"": false, ""w_dense"": 1.0, ""w_multiv"": 0.0, ""w_sparse"": 0.0}",2026-01-07T11:43:00.447393Z
184,nan,pruned,0.32,"{""fusion_method"": ""rrf"", ""rrf_k"": 60, ""score_normalization"": ""minmax_per_query"", ""top_k_final"": 10, ""top_k_retriever"": 32, ""use_multiv"": false, ""use_sparse"": false, ""w_dense"": 1.0, ""w_multiv"": 0.0, ""w_sparse"": 0.0}",2026-01-07T11:43:02.041448Z
185,nan,pruned,0.43,"{""fusion_method"": ""rrf"", ""rrf_k"": 60, ""score_normalization"": ""minmax_per_query"", ""top_k_final"": 10, ""top_k_retriever"": 32, ""use_multiv"": false, ""use_sparse"": false, ""w_dense"": 1.0, ""w_multiv"": 0.0, ""w_sparse"": 0.0}",2026-01-07T11:43:03.936758Z
186,nan,pruned,0.30,"{""fusion_method"": ""rrf"", ""rrf_k"": 60, ""score_normalization"": ""zscore_per_query"", ""top_k_final"": 5, ""top_k_retriever"": 32, ""use_multiv"": false, ""use_sparse"": false, ""w_dense"": 1.0, ""w_multiv"": 0.0, ""w_sparse"": 0.0}",2026-01-07T11:43:05.392215Z
187,nan,pruned,0.46,"{""fusion_method"": ""rrf"", ""rrf_k"": 60, ""score_normalization"": ""minmax_per_query"", ""top_k_final"": 3, ""top_k_retriever"": 8, ""use_multiv"": true, ""use_sparse"": true, ""w_dense"": 1.0, ""w_multiv"": 0.0, ""w_sparse"": 0.0}",2026-01-07T11:43:07.306062Z
188,nan,pruned,0.60,"{""fusion_method"": ""weighted_sum"", ""rrf_k"": 60, ""score_normalization"": ""zscore_per_query"", ""top_k_final"": 10, ""top_k_retriever"": 64, ""use_multiv"": true, ""use_sparse"": false, ""w_dense"": 0.4509250721792394, ""w_multiv"": 0.5059537607336082, ""w_sparse"": 0.0431211670871524}",2026-01-07T11:43:09.475841Z
189,nan,pruned,0.35,"{""fusion_method"": ""rrf"", ""rrf_k"": 60, ""score_normalization"": ""zscore_per_query"", ""top_k_final"": 10, ""top_k_retriever"": 96, ""use_multiv"": false, ""use_sparse"": false, ""w_dense"": 1.0, ""w_multiv"": 0.0, ""w_sparse"": 0.0}",2026-01-07T11:43:11.169561Z
190,nan,pruned,0.32,"{""fusion_method"": ""weighted_sum"", ""rrf_k"": 60, ""score_normalization"": ""minmax_per_query"", ""top_k_final"": 5, ""top_k_retriever"": 64, ""use_multiv"": true, ""use_sparse"": true, ""w_dense"": 0.4038932607990086, ""w_multiv"": 0.10786209714539113, ""w_sparse"": 0.48824464205560014}",2026-01-07T11:43:13.006450Z
191,nan,pruned,0.30,"{""fusion_method"": ""rrf"", ""rrf_k"": 60, ""score_normalization"": ""zscore_per_query"", ""top_k_final"": 5, ""top_k_retriever"": 8, ""use_multiv"": true, ""use_sparse"": true, ""w_dense"": 1.0, ""w_multiv"": 0.0, ""w_sparse"": 0.0}",2026-01-07T11:43:14.390794Z
192,nan,pruned,0.32,"{""fusion_method"": ""rrf"", ""rrf_k"": 60, ""score_normalization"": ""zscore_per_query"", ""top_k_final"": 5, ""top_k_retriever"": 8, ""use_multiv"": true, ""use_sparse"": true, ""w_dense"": 1.0, ""w_multiv"": 0.0, ""w_sparse"": 0.0}",2026-01-07T11:43:16.223012Z
193,nan,pruned,10.33,"{""fusion_method"": ""rrf"", ""rrf_k"": 60, ""score_normalization"": ""zscore_per_query"", ""top_k_final"": 5, ""top_k_retriever"": 128, ""use_multiv"": true, ""use_sparse"": true, ""w_dense"": 1.0, ""w_multiv"": 0.0, ""w_sparse"": 0.0}",2026-01-07T11:43:27.857519Z
194,nan,pruned,0.55,"{""fusion_method"": ""rrf"", ""rrf_k"": 60, ""score_normalization"": ""zscore_per_query"", ""top_k_final"": 5, ""top_k_retriever"": 64, ""use_multiv"": true, ""use_sparse"": true, ""w_dense"": 1.0, ""w_multiv"": 0.0, ""w_sparse"": 0.0}",2026-01-07T11:43:33.651576Z
195,nan,pruned,0.39,"{""fusion_method"": ""rrf"", ""rrf_k"": 60, ""score_normalization"": ""zscore_per_query"", ""top_k_final"": 3, ""top_k_retriever"": 128, ""use_multiv"": true, ""use_sparse"": true, ""w_dense"": 1.0, ""w_multiv"": 0.0, ""w_sparse"": 0.0}",2026-01-07T11:43:35.096518Z
196,nan,pruned,0.22,"{""fusion_method"": ""rrf"", ""rrf_k"": 60, ""score_normalization"": ""zscore_per_query"", ""top_k_final"": 5, ""top_k_retriever"": 128, ""use_multiv"": true, ""use_sparse"": false, ""w_dense"": 1.0, ""w_multiv"": 0.0, ""w_sparse"": 0.0}",2026-01-07T11:43:36.103085Z
197,nan,pruned,0.38,"{""fusion_method"": ""weighted_sum"", ""rrf_k"": 60, ""score_normalization"": ""zscore_per_query"", ""top_k_final"": 10, ""top_k_retriever"": 128, ""use_multiv"": true, ""use_sparse"": true, ""w_dense"": 0.6636955839418635, ""w_multiv"": 0.28857946366324183, ""w_sparse"": 0.04772495239489472}",2026-01-07T11:43:37.862339Z
198,nan,pruned,0.31,"{""fusion_method"": ""rrf"", ""rrf_k"": 60, ""score_normalization"": ""none"", ""top_k_final"": 3, ""top_k_retriever"": 128, ""use_multiv"": true, ""use_sparse"": false, ""w_dense"": 1.0, ""w_multiv"": 0.0, ""w_sparse"": 0.0}",2026-01-07T11:43:39.339319Z
199,nan,pruned,0.30,"{""fusion_method"": ""rrf"", ""rrf_k"": 60, ""score_normalization"": ""minmax_per_query"", ""top_k_final"": 1, ""top_k_retriever"": 16, ""use_multiv"": false, ""use_sparse"": false, ""w_dense"": 1.0, ""w_multiv"": 0.0, ""w_sparse"": 0.0}",2026-01-07T11:43:41.216710Z
